change_type,dependency_type,name,version,spdx_license,prior_version,prior_spdx_license
ADDED,python,aiosqlite,0.22.1,MIT,,
ADDED,python,botorch,0.18.1,MIT,,
ADDED,python,gpytorch,1.15.2,MIT,,
ADDED,python,iso8601,2.1.0,MIT,,
ADDED,python,joblib,1.5.3,BSD-3-Clause,,
ADDED,python,jsonpatch,1.33,BSD-3-Clause,,
ADDED,python,jsonpointer,3.1.1,BSD-3-Clause,,
ADDED,python,kopf,1.44.6,MIT,,
ADDED,python,kubernetes_asyncio,32.3.2,Apache-2.0,,
ADDED,python,linear_operator,0.6.1,MIT,,
ADDED,python,mpmath,1.3.0,BSD-3-Clause,,
ADDED,python,multipledispatch,1.0.0,BSD-3-Clause,,
ADDED,python,mypy_extensions,1.1.0,MIT,,
ADDED,python,networkx,3.6.1,BSD-3-Clause,,
ADDED,python,ninja,1.13.0,Apache-2.0 AND BSD-3-Clause,,
ADDED,python,optuna-integration,4.9.0,MIT,,
ADDED,python,pyre-extensions,0.0.32,MIT,,
ADDED,python,python-json-logger,4.2.0,BSD-2-Clause,,
ADDED,python,python-multipart,0.0.32,Apache-2.0,,
ADDED,python,scikit-learn,1.9.0,BSD-3-Clause,,
ADDED,python,sympy,1.14.0,BSD-3-Clause,,
ADDED,python,threadpoolctl,3.6.0,BSD-3-Clause,,
ADDED,python,torch,2.13.0+cpu,Apache-2.0 AND Apache-2.0 WITH LLVM-exception AND BSD-2-Clause AND BSD-3-Clause AND BSL-1.0 AND MIT,,
ADDED,python,typing-inspect,0.9.0,MIT,,
VERSION_CHANGED,python,aiohttp,3.14.3,Apache-2.0 AND MIT,3.13.5,Apache-2.0 AND MIT
VERSION_CHANGED,python,alembic,1.19.1,MIT,1.18.5,MIT
VERSION_CHANGED,python,annotated-doc,0.0.5,MIT,0.0.4,MIT
VERSION_CHANGED,python,annotated-types,0.8.0,MIT,0.7.0,MIT License
VERSION_CHANGED,python,anyio,4.14.2,MIT,4.14.1,MIT
VERSION_CHANGED,python,certifi,2026.7.22,MPL-2.0,2026.6.17,MPL-2.0
VERSION_CHANGED,python,cffi,2.1.1,MIT-0,2.1.0,MIT
VERSION_CHANGED,python,charset-normalizer,3.5.1,MIT,3.4.9,MIT
VERSION_CHANGED,python,colorlog,6.12.0,MIT,6.10.1,MIT
VERSION_CHANGED,python,cyclopts,4.23.2,Apache-2.0,4.20.0,Apache-2.0
VERSION_CHANGED,python,datasets,5.0.1,Apache-2.0,5.0.0,Apache 2.0
VERSION_CHANGED,python,fastapi,0.141.1,MIT,0.139.0,MIT
VERSION_CHANGED,python,filelock,3.32.4,MIT,3.29.6,MIT
VERSION_CHANGED,python,greenlet,3.5.5,MIT AND PSF-2.0,3.5.3,MIT AND PSF-2.0
VERSION_CHANGED,python,hf-xet,1.6.0,Apache-2.0,1.5.1,Apache Software License
VERSION_CHANGED,python,idna,3.19,BSD-3-Clause,3.18,BSD-3-Clause
VERSION_CHANGED,python,linkify-it-py,2.1.1,MIT,2.1.0,MIT
VERSION_CHANGED,python,Mako,1.4.1,MIT,1.3.12,MIT
VERSION_CHANGED,python,matplotlib,3.11.1,PSF-2.0,3.11.0,Python Software Foundation License
VERSION_CHANGED,python,narwhals,2.25.0,MIT,2.23.0,MIT License
VERSION_CHANGED,python,numpy,2.5.2,BSD-3-Clause AND 0BSD AND MIT AND Zlib AND CC0-1.0,2.5.1,BSD-3-Clause AND 0BSD AND MIT AND Zlib AND CC0-1.0
VERSION_CHANGED,python,packaging,26.3,Apache-2.0,26.2,Apache-2.0 OR BSD-2-Clause
VERSION_CHANGED,python,platformdirs,4.11.4,MIT,4.10.0,MIT
VERSION_CHANGED,python,protobuf,7.36.0,BSD-3-Clause,7.35.1,BSD-3-Clause
VERSION_CHANGED,python,pyarrow,25.0.1,Apache-2.0,24.0.0,Apache-2.0
VERSION_CHANGED,python,pydantic-settings,2.15.0,MIT,2.14.2,MIT
VERSION_CHANGED,python,Pygments,2.21.0,BSD-2-Clause,2.20.0,BSD-2-Clause
VERSION_CHANGED,python,python-dotenv,1.2.3,BSD-3-Clause,1.2.2,BSD-3-Clause
VERSION_CHANGED,python,pytz,2026.3.post1,MIT,2026.2,MIT
VERSION_CHANGED,python,regex,2026.7.19,Apache-2.0 AND CNRI-Python,2026.6.28,Apache-2.0 AND CNRI-Python
VERSION_CHANGED,python,scipy,1.18.1,BSD-3-Clause,1.18.0,BSD License
VERSION_CHANGED,python,sentencepiece,0.2.2,Apache-2.0,0.2.1,Apache-2.0
VERSION_CHANGED,python,SQLAlchemy,2.0.52,MIT,2.0.51,MIT
VERSION_CHANGED,python,starlette,1.6.0,BSD-3-Clause,1.3.1,BSD-3-Clause
VERSION_CHANGED,python,starlette-compress,1.8.0,0BSD,1.7.1,0BSD
VERSION_CHANGED,python,tiktoken,0.14.0,MIT,0.13.0,MIT
VERSION_CHANGED,python,tqdm,4.70.0,MPL-2.0 AND MIT,4.68.4,MPL-2.0 AND MIT
VERSION_CHANGED,python,transformers,5.15.1,Apache-2.0,5.13.0,Apache 2.0 License
VERSION_CHANGED,python,typer,0.27.1,MIT,0.26.8,MIT
VERSION_CHANGED,python,typing-inspection,0.4.4,MIT,0.4.2,MIT
VERSION_CHANGED,python,tzdata,2026.3,Apache-2.0,2026.2,Apache-2.0
VERSION_CHANGED,python,uvicorn,0.52.4,BSD-3-Clause,0.50.2,BSD-3-Clause
VERSION_CHANGED,python,websockets,17.0.1,BSD-3-Clause,16.0,BSD-3-Clause
VERSION_CHANGED,python,xxhash,4.0.1,BSD-2-Clause,3.8.1,BSD
VERSION_CHANGED,python,yarl,1.24.5,Apache-2.0,1.24.2,Apache-2.0
